426	Constantin	Gowdridge	2, Old Gate Point	cgowdridge0@chicagotribune.com	1994-02-02	Male	28400	CN	Finance	1
218	Lorain	Regus	410, Becker Plaza	lregusa@blinklist.net	1969-05-04	Female	28300	PH	Finance	1
455	Demetria	Hedger	12, Eliot Avenue	dhedgerb@xinhuanet.net	1952-08-09	Female	34000	PT	Human Resources	1
394	Sianna	Hrycek	50, Armistice Avenue	shrycekc@bbb.org	1979-11-19	Female	18600	BR	Finance	1
373	Reyna	Audenis	2955, Mosinee Court	raudenise@vimeo.com	1965-05-26	Female	17800	AL	Sails	1
949	Karlotte	Pomeroy		kpomeroyf@facebook.com	1977-15-37	Female	31000	GR	Finance	1
784	Lydie	Rickasse		lrickasseg@virginia.edu	1980-03-31	Female	19100	PT	Computing	1
902	Juan	Gliddon	3, Mcguire Court	jgliddonh@boston.com	1967-11-30	Male	26000	CA	Computing	1
109	Cele	Skerrett		cskerretti@bing.com	2001-02-29	Female	39900	CN	Finance	1
416	Nollie	Yaakov	8776 Porter Trail	nyaakovk@addtoany.net	1980-10-03	Female	17800	SY	Finance	1
292	Sissy	Wetton	78535, Morrow Circle	swettonl@abc.net.au	1987-09-27	Female	10300	KE	Human Resources	1
318	Raimondo	Filyakov		rfilyakovm@walmart.com	1956-07-11	Male	30900	PT	Finance	1
113	Ralina	Firk	13, Thackeray Pass	rfirkn@utexas.edu	1972-01-17	Female	29500	PH	Sails	0
658	Rudolf	Henniger	044, Susan Crossing	rhennigero@photobucket.edu	1992-10-08	Male	44300	PX	Sails	1
379	Ramsay	Hinkensen	5, 5th Avenue	rhinkensenp@yale.edu	1974-02-12	Male	17800	PT	Finance	1
739	Pamela	Fishpool		pfishpools@list-manage.com	1998-06-01	Female	26000	CN	Finance	1
